﻿ANO,BIMESTRE,MES,COD_MUNICIPIO,NOME_MUNICIPIO,CD_ORGAO,NOME_ORGAO,CD_RECEBIMENTO,CD_ORGAO_ORCAMENTARIO,NOME_ORGAO_ORCAMENTARIO,CD_UNIDADE_ORCAMENTARIA,NOME_UNIDADE_ORCAMENTARIA,TP_UNIDADE,CD_CONTA_SG,DS_CONTA_SG,NIVEL,NR_NIVEL,ESCRITURACAO,NATUREZA_INFORMACAO,IND_SUPERAVIT_FINANCEIRO,CD_RECURSO,NM_RECURSO,VL_SALDO_ANTERIOR_DEV,VL_SALDO_ANTERIOR_CRE,VL_MOV_DEBITO,VL_MOV_CREDITO,VL_SALDO_ATUAL_DEV,VL_SALDO_ATUAL_CRE
2021,6,12,324,TRINDADE DO SUL,88414,CONSÓRCIO DE DESENVOLVIMENTO DOS MUNICÍPIOS DO NORTE DO RS,263232,1,CONSÓRCIO DES MUNICIPIOS NORTE RS,1,ADMINISTRAÇÃO,CNS,1000000000000,ATIVO,S,1,N,O,P,,,0.00,0.00,324851.31,276730.33,48120.98,0.00
2021,6,12,324,TRINDADE DO SUL,88414,CONSÓRCIO DE DESENVOLVIMENTO DOS MUNICÍPIOS DO NORTE DO RS,263232,1,CONSÓRCIO DES MUNICIPIOS NORTE RS,1,ADMINISTRAÇÃO,CNS,1100000000000,ATIVO CIRCULANTE,S,2,N,O,P,,,0.00,0.00,319874.31,276730.33,43143.98,0.00
2021,6,12,324,TRINDADE DO SUL,88414,CONSÓRCIO DE DESENVOLVIMENTO DOS MUNICÍPIOS DO NORTE DO RS,263232,1,CONSÓRCIO DES MUNICIPIOS NORTE RS,1,ADMINISTRAÇÃO,CNS,1110000000000,CAIXA E EQUIVALENTES DE CAIXA,S,3,N,O,F,,,0.00,0.00,166644.71,132800.91,33843.80,0.00
2021,6,12,324,TRINDADE DO SUL,88414,CONSÓRCIO DE DESENVOLVIMENTO DOS MUNICÍPIOS DO NORTE DO RS,263232,1,CONSÓRCIO DES MUNICIPIOS NORTE RS,1,ADMINISTRAÇÃO,CNS,1111000000000,CAIXA E EQUIVALENTES DE CAIXA EM MOEDA NACIONAL,S,4,N,O,F,,,0.00,0.00,166644.71,132800.91,33843.80,0.00
2021,6,12,324,TRINDADE DO SUL,88414,CONSÓRCIO DE DESENVOLVIMENTO DOS MUNICÍPIOS DO NORTE DO RS,263232,1,CONSÓRCIO DES MUNICIPIOS NORTE RS,1,ADMINISTRAÇÃO,CNS,1111100000000,CAIXA E EQUIVALENTES DE CAIXA EM MOEDA NAC. - CONS,S,5,N,O,F,,,0.00,0.00,166644.71,132800.91,33843.80,0.00
2021,6,12,324,TRINDADE DO SUL,88414,CONSÓRCIO DE DESENVOLVIMENTO DOS MUNICÍPIOS DO NORTE DO RS,263232,1,CONSÓRCIO DES MUNICIPIOS NORTE RS,1,ADMINISTRAÇÃO,CNS,1111101000000,Caixa,A,6,N,O,F,,,0.00,0.00,11579.29,11579.29,0.00,0.00
2021,6,12,324,TRINDADE DO SUL,88414,CONSÓRCIO DE DESENVOLVIMENTO DOS MUNICÍPIOS DO NORTE DO RS,263232,1,CONSÓRCIO DES MUNICIPIOS NORTE RS,1,ADMINISTRAÇÃO,CNS,1111119000000,BANCOS CONTA MOVIMENTO - DEMAIS CONTAS,S,6,N,O,F,,,0.00,0.00,155065.42,121221.62,33843.80,0.00
2021,6,12,324,TRINDADE DO SUL,88414,CONSÓRCIO DE DESENVOLVIMENTO DOS MUNICÍPIOS DO NORTE DO RS,263232,1,CONSÓRCIO DES MUNICIPIOS NORTE RS,1,ADMINISTRAÇÃO,CNS,1111119020000,BANCO DO BRASIL,S,7,N,O,F,,,0.00,0.00,113645.40,93809.00,19836.40,0.00
2021,6,12,324,TRINDADE DO SUL,88414,CONSÓRCIO DE DESENVOLVIMENTO DOS MUNICÍPIOS DO NORTE DO RS,263232,1,CONSÓRCIO DES MUNICIPIOS NORTE RS,1,ADMINISTRAÇÃO,CNS,1111119020100,Banco do Brasil - Conta 11.862-1,A,8,N,O,F,1,RECURSO LIVRE,0.00,0.00,113645.40,93809.00,19836.40,0.00
2021,6,12,324,TRINDADE DO SUL,88414,CONSÓRCIO DE DESENVOLVIMENTO DOS MUNICÍPIOS DO NORTE DO RS,263232,1,CONSÓRCIO DES MUNICIPIOS NORTE RS,1,ADMINISTRAÇÃO,CNS,1111119120000,BANCO DO ESTADO RIO GRANDE DO SUL,S,7,N,O,F,,,0.00,0.00,41420.02,27412.62,14007.40,0.00
2021,6,12,324,TRINDADE DO SUL,88414,CONSÓRCIO DE DESENVOLVIMENTO DOS MUNICÍPIOS DO NORTE DO RS,263232,1,CONSÓRCIO DES MUNICIPIOS NORTE RS,1,ADMINISTRAÇÃO,CNS,1111119120400,Banrisul - Conta 04.036578.0-1 - Conta Movimento,A,8,N,O,F,1,RECURSO LIVRE,0.00,0.00,30284.02,27412.62,2871.40,0.00
2021,6,12,324,TRINDADE DO SUL,88414,CONSÓRCIO DE DESENVOLVIMENTO DOS MUNICÍPIOS DO NORTE DO RS,263232,1,CONSÓRCIO DES MUNICIPIOS NORTE RS,1,ADMINISTRAÇÃO,CNS,1111119120500,Banrisul - Conta Consignações,A,8,N,O,F,8001,EXTRA-INSS,0.00,0.00,11136.00,0.00,11136.00,0.00
2021,6,12,324,TRINDADE DO SUL,88414,CONSÓRCIO DE DESENVOLVIMENTO DOS MUNICÍPIOS DO NORTE DO RS,263232,1,CONSÓRCIO DES MUNICIPIOS NORTE RS,1,ADMINISTRAÇÃO,CNS,1130000000000,DEMAIS CRÉDITOS E VALORES A CURTO PRAZO,S,3,N,O,P,,,0.00,0.00,153229.60,143929.42,9300.18,0.00
2021,6,12,324,TRINDADE DO SUL,88414,CONSÓRCIO DE DESENVOLVIMENTO DOS MUNICÍPIOS DO NORTE DO RS,263232,1,CONSÓRCIO DES MUNICIPIOS NORTE RS,1,ADMINISTRAÇÃO,CNS,1138000000000,OUTROS CRÉDITOS A REC. E VAL. A CURTO PRAZO,S,4,N,O,P,,,0.00,0.00,153229.60,143929.42,9300.18,0.00
2021,6,12,324,TRINDADE DO SUL,88414,CONSÓRCIO DE DESENVOLVIMENTO DOS MUNICÍPIOS DO NORTE DO RS,263232,1,CONSÓRCIO DES MUNICIPIOS NORTE RS,1,ADMINISTRAÇÃO,CNS,1138100000000,OUTROS CRÉDITOS A REC. E VAL. A CURTO PRAZO - CONS,S,5,N,O,P,,,0.00,0.00,153229.60,143929.42,9300.18,0.00
2021,6,12,324,TRINDADE DO SUL,88414,CONSÓRCIO DE DESENVOLVIMENTO DOS MUNICÍPIOS DO NORTE DO RS,263232,1,CONSÓRCIO DES MUNICIPIOS NORTE RS,1,ADMINISTRAÇÃO,CNS,1138115000000,CREDITOS A RECEBER DECORRENTES DE PAGAMENTO DE DES,S,6,N,O,P,,,0.00,0.00,16.82,16.82,0.00,0.00
2021,6,12,324,TRINDADE DO SUL,88414,CONSÓRCIO DE DESENVOLVIMENTO DOS MUNICÍPIOS DO NORTE DO RS,263232,1,CONSÓRCIO DES MUNICIPIOS NORTE RS,1,ADMINISTRAÇÃO,CNS,1138115000100,Valores à Restituir,A,8,N,O,F,,,0.00,0.00,16.82,16.82,0.00,0.00
2021,6,12,324,TRINDADE DO SUL,88414,CONSÓRCIO DE DESENVOLVIMENTO DOS MUNICÍPIOS DO NORTE DO RS,263232,1,CONSÓRCIO DES MUNICIPIOS NORTE RS,1,ADMINISTRAÇÃO,CNS,1138129000000,CRÉDITOS A RECEBER ENT. ESTADUAIS/DIST/MUNICIPAIS,S,6,N,O,P,,,0.00,0.00,153212.78,143912.60,9300.18,0.00
2021,6,12,324,TRINDADE DO SUL,88414,CONSÓRCIO DE DESENVOLVIMENTO DOS MUNICÍPIOS DO NORTE DO RS,263232,1,CONSÓRCIO DES MUNICIPIOS NORTE RS,1,ADMINISTRAÇÃO,CNS,1138129000100,TRANSFERENCIAS DE MUNICÍPIOS CONSORCIADOS,S,8,N,O,P,,,0.00,0.00,153212.78,143912.60,9300.18,0.00
2021,6,12,324,TRINDADE DO SUL,88414,CONSÓRCIO DE DESENVOLVIMENTO DOS MUNICÍPIOS DO NORTE DO RS,263232,1,CONSÓRCIO DES MUNICIPIOS NORTE RS,1,ADMINISTRAÇÃO,CNS,1138129000101,Município de Trindade do Sul,A,9,N,O,P,,,0.00,0.00,46500.90,37200.72,9300.18,0.00
2021,6,12,324,TRINDADE DO SUL,88414,CONSÓRCIO DE DESENVOLVIMENTO DOS MUNICÍPIOS DO NORTE DO RS,263232,1,CONSÓRCIO DES MUNICIPIOS NORTE RS,1,ADMINISTRAÇÃO,CNS,1138129000102,Município de Três Palmeiras,A,9,N,O,F,,,0.00,0.00,46863.48,46863.48,0.00,0.00
2021,6,12,324,TRINDADE DO SUL,88414,CONSÓRCIO DE DESENVOLVIMENTO DOS MUNICÍPIOS DO NORTE DO RS,263232,1,CONSÓRCIO DES MUNICIPIOS NORTE RS,1,ADMINISTRAÇÃO,CNS,1138129000105,Município de Gramado dos Loureiros,A,9,N,O,F,,,0.00,0.00,28209.20,28209.20,0.00,0.00
2021,6,12,324,TRINDADE DO SUL,88414,CONSÓRCIO DE DESENVOLVIMENTO DOS MUNICÍPIOS DO NORTE DO RS,263232,1,CONSÓRCIO DES MUNICIPIOS NORTE RS,1,ADMINISTRAÇÃO,CNS,1138129000112,Municipio de Entre Rios do Sul,A,9,N,O,F,,,0.00,0.00,31639.20,31639.20,0.00,0.00
2021,6,12,324,TRINDADE DO SUL,88414,CONSÓRCIO DE DESENVOLVIMENTO DOS MUNICÍPIOS DO NORTE DO RS,263232,1,CONSÓRCIO DES MUNICIPIOS NORTE RS,1,ADMINISTRAÇÃO,CNS,1200000000000,ATIVO NAO CIRCULANTE,S,2,N,O,P,,,0.00,0.00,4977.00,0.00,4977.00,0.00
2021,6,12,324,TRINDADE DO SUL,88414,CONSÓRCIO DE DESENVOLVIMENTO DOS MUNICÍPIOS DO NORTE DO RS,263232,1,CONSÓRCIO DES MUNICIPIOS NORTE RS,1,ADMINISTRAÇÃO,CNS,1230000000000,IMOBILIZADO,S,3,N,O,P,,,0.00,0.00,4977.00,0.00,4977.00,0.00
2021,6,12,324,TRINDADE DO SUL,88414,CONSÓRCIO DE DESENVOLVIMENTO DOS MUNICÍPIOS DO NORTE DO RS,263232,1,CONSÓRCIO DES MUNICIPIOS NORTE RS,1,ADMINISTRAÇÃO,CNS,1231000000000,BENS MOVEIS,S,4,N,O,P,,,0.00,0.00,4977.00,0.00,4977.00,0.00
2021,6,12,324,TRINDADE DO SUL,88414,CONSÓRCIO DE DESENVOLVIMENTO DOS MUNICÍPIOS DO NORTE DO RS,263232,1,CONSÓRCIO DES MUNICIPIOS NORTE RS,1,ADMINISTRAÇÃO,CNS,1231100000000,BENS MOVEIS - CONSOLIDACAO,S,5,N,O,P,,,0.00,0.00,4977.00,0.00,4977.00,0.00
2021,6,12,324,TRINDADE DO SUL,88414,CONSÓRCIO DE DESENVOLVIMENTO DOS MUNICÍPIOS DO NORTE DO RS,263232,1,CONSÓRCIO DES MUNICIPIOS NORTE RS,1,ADMINISTRAÇÃO,CNS,1231102000000,BENS DE INFORMÁTICA,S,6,N,O,P,,,0.00,0.00,4977.00,0.00,4977.00,0.00
2021,6,12,324,TRINDADE DO SUL,88414,CONSÓRCIO DE DESENVOLVIMENTO DOS MUNICÍPIOS DO NORTE DO RS,263232,1,CONSÓRCIO DES MUNICIPIOS NORTE RS,1,ADMINISTRAÇÃO,CNS,1231102000101,Equipamentos de Processamento de dados,A,9,N,O,P,,,0.00,0.00,4977.00,0.00,4977.00,0.00
2021,6,12,324,TRINDADE DO SUL,88414,CONSÓRCIO DE DESENVOLVIMENTO DOS MUNICÍPIOS DO NORTE DO RS,263232,1,CONSÓRCIO DES MUNICIPIOS NORTE RS,1,ADMINISTRAÇÃO,CNS,2000000000000,PASSIVO E PATRIMONIO LIQUIDO,S,1,N,O,P,,,0.00,0.00,124246.18,137968.18,0.00,13722.00
2021,6,12,324,TRINDADE DO SUL,88414,CONSÓRCIO DE DESENVOLVIMENTO DOS MUNICÍPIOS DO NORTE DO RS,263232,1,CONSÓRCIO DES MUNICIPIOS NORTE RS,1,ADMINISTRAÇÃO,CNS,2100000000000,PASSIVO CIRCULANTE,S,2,N,O,P,,,0.00,0.00,124246.18,137968.18,0.00,13722.00
2021,6,12,324,TRINDADE DO SUL,88414,CONSÓRCIO DE DESENVOLVIMENTO DOS MUNICÍPIOS DO NORTE DO RS,263232,1,CONSÓRCIO DES MUNICIPIOS NORTE RS,1,ADMINISTRAÇÃO,CNS,2110000000000,OBRIG.TRAB.PREV..ASS..PAG.CURT.PRAZ,S,3,N,O,F,,,0.00,0.00,74674.16,77160.16,0.00,2486.00
2021,6,12,324,TRINDADE DO SUL,88414,CONSÓRCIO DE DESENVOLVIMENTO DOS MUNICÍPIOS DO NORTE DO RS,263232,1,CONSÓRCIO DES MUNICIPIOS NORTE RS,1,ADMINISTRAÇÃO,CNS,2111000000000,PESSOAL A PAGAR,S,4,N,O,F,,,0.00,0.00,61208.33,61208.33,0.00,0.00
2021,6,12,324,TRINDADE DO SUL,88414,CONSÓRCIO DE DESENVOLVIMENTO DOS MUNICÍPIOS DO NORTE DO RS,263232,1,CONSÓRCIO DES MUNICIPIOS NORTE RS,1,ADMINISTRAÇÃO,CNS,2111100000000,PESSOAL A PAGAR - CONSOLIDACAO,S,5,N,O,F,,,0.00,0.00,61208.33,61208.33,0.00,0.00
2021,6,12,324,TRINDADE DO SUL,88414,CONSÓRCIO DE DESENVOLVIMENTO DOS MUNICÍPIOS DO NORTE DO RS,263232,1,CONSÓRCIO DES MUNICIPIOS NORTE RS,1,ADMINISTRAÇÃO,CNS,2111101000000,PESSOAL A PAGAR,S,6,N,O,F,,,0.00,0.00,61208.33,61208.33,0.00,0.00
2021,6,12,324,TRINDADE DO SUL,88414,CONSÓRCIO DE DESENVOLVIMENTO DOS MUNICÍPIOS DO NORTE DO RS,263232,1,CONSÓRCIO DES MUNICIPIOS NORTE RS,1,ADMINISTRAÇÃO,CNS,2111101010000,"SALARIOS, REMUNERACOES E BENEFICIOS",S,7,N,O,F,,,0.00,0.00,56500.00,56500.00,0.00,0.00
2021,6,12,324,TRINDADE DO SUL,88414,CONSÓRCIO DE DESENVOLVIMENTO DOS MUNICÍPIOS DO NORTE DO RS,263232,1,CONSÓRCIO DES MUNICIPIOS NORTE RS,1,ADMINISTRAÇÃO,CNS,2111101010001,"Salários, Remunerações e Benefícios",A,9,N,O,F,,,0.00,0.00,56500.00,56500.00,0.00,0.00
2021,6,12,324,TRINDADE DO SUL,88414,CONSÓRCIO DE DESENVOLVIMENTO DOS MUNICÍPIOS DO NORTE DO RS,263232,1,CONSÓRCIO DES MUNICIPIOS NORTE RS,1,ADMINISTRAÇÃO,CNS,2111101020000,DECIMO TERCEIRO SALARIO (PROVISOES),S,7,N,O,F,,,0.00,0.00,4708.33,4708.33,0.00,0.00
2021,6,12,324,TRINDADE DO SUL,88414,CONSÓRCIO DE DESENVOLVIMENTO DOS MUNICÍPIOS DO NORTE DO RS,263232,1,CONSÓRCIO DES MUNICIPIOS NORTE RS,1,ADMINISTRAÇÃO,CNS,2111101020001,Décimo terceiro salário (Provisões),A,9,N,O,F,,,0.00,0.00,4708.33,4708.33,0.00,0.00
2021,6,12,324,TRINDADE DO SUL,88414,CONSÓRCIO DE DESENVOLVIMENTO DOS MUNICÍPIOS DO NORTE DO RS,263232,1,CONSÓRCIO DES MUNICIPIOS NORTE RS,1,ADMINISTRAÇÃO,CNS,2114000000000,ENCARGOS SOCIAIS A PAGAR,S,4,N,O,F,,,0.00,0.00,13465.83,15951.83,0.00,2486.00
2021,6,12,324,TRINDADE DO SUL,88414,CONSÓRCIO DE DESENVOLVIMENTO DOS MUNICÍPIOS DO NORTE DO RS,263232,1,CONSÓRCIO DES MUNICIPIOS NORTE RS,1,ADMINISTRAÇÃO,CNS,2114300000000,ENCARG.SOC. PAGAR INTER OFSS UNIAO,S,5,N,O,F,,,0.00,0.00,13465.83,15951.83,0.00,2486.00
2021,6,12,324,TRINDADE DO SUL,88414,CONSÓRCIO DE DESENVOLVIMENTO DOS MUNICÍPIOS DO NORTE DO RS,263232,1,CONSÓRCIO DES MUNICIPIOS NORTE RS,1,ADMINISTRAÇÃO,CNS,2114301000000,CONTRIBUICOES AO RGPS A PAGAR,S,6,N,O,F,,,0.00,0.00,13465.83,15951.83,0.00,2486.00
2021,6,12,324,TRINDADE DO SUL,88414,CONSÓRCIO DE DESENVOLVIMENTO DOS MUNICÍPIOS DO NORTE DO RS,263232,1,CONSÓRCIO DES MUNICIPIOS NORTE RS,1,ADMINISTRAÇÃO,CNS,2114301010000,CONTRIBUICOES AO RGPS SOBRE SALARIO,S,7,N,O,F,,,0.00,0.00,13465.83,13465.83,0.00,0.00
2021,6,12,324,TRINDADE DO SUL,88414,CONSÓRCIO DE DESENVOLVIMENTO DOS MUNICÍPIOS DO NORTE DO RS,263232,1,CONSÓRCIO DES MUNICIPIOS NORTE RS,1,ADMINISTRAÇÃO,CNS,2114301010001,Contribuições ao RGPS Sobre Salário,A,9,N,O,F,,,0.00,0.00,13465.83,13465.83,0.00,0.00
2021,6,12,324,TRINDADE DO SUL,88414,CONSÓRCIO DE DESENVOLVIMENTO DOS MUNICÍPIOS DO NORTE DO RS,263232,1,CONSÓRCIO DES MUNICIPIOS NORTE RS,1,ADMINISTRAÇÃO,CNS,2114301050000,CONTRIBUIÇÕES AO RGPS A PAGAR-EXERC ANTERIORES,S,7,N,O,F,,,0.00,0.00,0.00,2486.00,0.00,2486.00
2021,6,12,324,TRINDADE DO SUL,88414,CONSÓRCIO DE DESENVOLVIMENTO DOS MUNICÍPIOS DO NORTE DO RS,263232,1,CONSÓRCIO DES MUNICIPIOS NORTE RS,1,ADMINISTRAÇÃO,CNS,2114301051200,OBRIGACOES PATRONAIS INSS 2021,A,8,N,O,F,,,0.00,0.00,0.00,2486.00,0.00,2486.00
2021,6,12,324,TRINDADE DO SUL,88414,CONSÓRCIO DE DESENVOLVIMENTO DOS MUNICÍPIOS DO NORTE DO RS,263232,1,CONSÓRCIO DES MUNICIPIOS NORTE RS,1,ADMINISTRAÇÃO,CNS,2130000000000,FORNECED. CONTAS PAGAR CURTO PRAZO,S,3,N,O,F,,,0.00,0.00,41318.15,41418.15,0.00,100.00
2021,6,12,324,TRINDADE DO SUL,88414,CONSÓRCIO DE DESENVOLVIMENTO DOS MUNICÍPIOS DO NORTE DO RS,263232,1,CONSÓRCIO DES MUNICIPIOS NORTE RS,1,ADMINISTRAÇÃO,CNS,2131000000000,FORNEC.CONT.PAGAR NAC. CURTO PRAZO,S,4,N,O,F,,,0.00,0.00,41318.15,41418.15,0.00,100.00
2021,6,12,324,TRINDADE DO SUL,88414,CONSÓRCIO DE DESENVOLVIMENTO DOS MUNICÍPIOS DO NORTE DO RS,263232,1,CONSÓRCIO DES MUNICIPIOS NORTE RS,1,ADMINISTRAÇÃO,CNS,2131100000000,FORNEC.CONT.PAG.NACI.CUR.PRAZ.CONS.,S,5,N,O,F,,,0.00,0.00,41318.15,41418.15,0.00,100.00
2021,6,12,324,TRINDADE DO SUL,88414,CONSÓRCIO DE DESENVOLVIMENTO DOS MUNICÍPIOS DO NORTE DO RS,263232,1,CONSÓRCIO DES MUNICIPIOS NORTE RS,1,ADMINISTRAÇÃO,CNS,2131101000000,FORNECEDORES NACIONAIS,S,6,N,O,F,,,0.00,0.00,41318.15,41418.15,0.00,100.00
2021,6,12,324,TRINDADE DO SUL,88414,CONSÓRCIO DE DESENVOLVIMENTO DOS MUNICÍPIOS DO NORTE DO RS,263232,1,CONSÓRCIO DES MUNICIPIOS NORTE RS,1,ADMINISTRAÇÃO,CNS,2131101010000,FORNECEDORES NAO FINANCIADOS PAGAR,S,7,N,O,F,,,0.00,0.00,41318.15,41418.15,0.00,100.00
2021,6,12,324,TRINDADE DO SUL,88414,CONSÓRCIO DE DESENVOLVIMENTO DOS MUNICÍPIOS DO NORTE DO RS,263232,1,CONSÓRCIO DES MUNICIPIOS NORTE RS,1,ADMINISTRAÇÃO,CNS,2131101010001,Fornecedores não Financiados a pagar,A,9,N,O,F,,,0.00,0.00,41318.15,41318.15,0.00,0.00
2021,6,12,324,TRINDADE DO SUL,88414,CONSÓRCIO DE DESENVOLVIMENTO DOS MUNICÍPIOS DO NORTE DO RS,263232,1,CONSÓRCIO DES MUNICIPIOS NORTE RS,1,ADMINISTRAÇÃO,CNS,2131101012200,"SALARIOS, REM E BEN EXERC ANT 2021",A,8,N,O,F,,,0.00,0.00,0.00,100.00,0.00,100.00
2021,6,12,324,TRINDADE DO SUL,88414,CONSÓRCIO DE DESENVOLVIMENTO DOS MUNICÍPIOS DO NORTE DO RS,263232,1,CONSÓRCIO DES MUNICIPIOS NORTE RS,1,ADMINISTRAÇÃO,CNS,2180000000000,DEMAIS OBRIGACOES A CURTO PRAZO,S,3,N,O,F,,,0.00,0.00,8253.87,19389.87,0.00,11136.00
2021,6,12,324,TRINDADE DO SUL,88414,CONSÓRCIO DE DESENVOLVIMENTO DOS MUNICÍPIOS DO NORTE DO RS,263232,1,CONSÓRCIO DES MUNICIPIOS NORTE RS,1,ADMINISTRAÇÃO,CNS,2188000000000,VALORES RESTITUIVEIS,S,4,N,O,F,,,0.00,0.00,8253.87,19389.87,0.00,11136.00
2021,6,12,324,TRINDADE DO SUL,88414,CONSÓRCIO DE DESENVOLVIMENTO DOS MUNICÍPIOS DO NORTE DO RS,263232,1,CONSÓRCIO DES MUNICIPIOS NORTE RS,1,ADMINISTRAÇÃO,CNS,2188100000000,VALORES RESTITUIVEIS - CONSOLIDACAO,S,5,N,O,F,,,0.00,0.00,8253.87,19389.87,0.00,11136.00
2021,6,12,324,TRINDADE DO SUL,88414,CONSÓRCIO DE DESENVOLVIMENTO DOS MUNICÍPIOS DO NORTE DO RS,263232,1,CONSÓRCIO DES MUNICIPIOS NORTE RS,1,ADMINISTRAÇÃO,CNS,2188101000000,CONSIGNACOES,S,6,N,O,F,,,0.00,0.00,8253.87,11579.29,0.00,3325.42
2021,6,12,324,TRINDADE DO SUL,88414,CONSÓRCIO DE DESENVOLVIMENTO DOS MUNICÍPIOS DO NORTE DO RS,263232,1,CONSÓRCIO DES MUNICIPIOS NORTE RS,1,ADMINISTRAÇÃO,CNS,2188101020000,INSS,S,7,N,O,F,,,0.00,0.00,5123.76,6301.04,0.00,1177.28
2021,6,12,324,TRINDADE DO SUL,88414,CONSÓRCIO DE DESENVOLVIMENTO DOS MUNICÍPIOS DO NORTE DO RS,263232,1,CONSÓRCIO DES MUNICIPIOS NORTE RS,1,ADMINISTRAÇÃO,CNS,2188101020100,INSS Retido,A,8,N,O,F,8001,EXTRA-INSS,0.00,0.00,5123.76,6301.04,0.00,1177.28
2021,6,12,324,TRINDADE DO SUL,88414,CONSÓRCIO DE DESENVOLVIMENTO DOS MUNICÍPIOS DO NORTE DO RS,263232,1,CONSÓRCIO DES MUNICIPIOS NORTE RS,1,ADMINISTRAÇÃO,CNS,2188101040000,IMPOSTO SOBRE A RENDA RETIDO NA FON,S,7,N,O,F,,,0.00,0.00,3130.11,5278.25,0.00,2148.14
2021,6,12,324,TRINDADE DO SUL,88414,CONSÓRCIO DE DESENVOLVIMENTO DOS MUNICÍPIOS DO NORTE DO RS,263232,1,CONSÓRCIO DES MUNICIPIOS NORTE RS,1,ADMINISTRAÇÃO,CNS,2188101040100,IRRF Servidores,A,8,N,O,F,8001,EXTRA-INSS,0.00,0.00,3130.11,5278.25,0.00,2148.14
2021,6,12,324,TRINDADE DO SUL,88414,CONSÓRCIO DE DESENVOLVIMENTO DOS MUNICÍPIOS DO NORTE DO RS,263232,1,CONSÓRCIO DES MUNICIPIOS NORTE RS,1,ADMINISTRAÇÃO,CNS,2188199000000,OUTROS VALORES RESTITUIVEIS,S,6,N,O,F,,,0.00,0.00,0.00,7810.58,0.00,7810.58
2021,6,12,324,TRINDADE DO SUL,88414,CONSÓRCIO DE DESENVOLVIMENTO DOS MUNICÍPIOS DO NORTE DO RS,263232,1,CONSÓRCIO DES MUNICIPIOS NORTE RS,1,ADMINISTRAÇÃO,CNS,2188199030000,Municipio de Três Palmeiras,A,7,N,O,F,8001,EXTRA-INSS,0.00,0.00,0.00,7810.58,0.00,7810.58
2021,6,12,324,TRINDADE DO SUL,88414,CONSÓRCIO DE DESENVOLVIMENTO DOS MUNICÍPIOS DO NORTE DO RS,263232,1,CONSÓRCIO DES MUNICIPIOS NORTE RS,1,ADMINISTRAÇÃO,CNS,3000000000000,VARIACAO PATRIMONIAL DIMINUTIVA,S,1,N,O,P,,,0.00,0.00,111015.31,12.09,111003.22,0.00
2021,6,12,324,TRINDADE DO SUL,88414,CONSÓRCIO DE DESENVOLVIMENTO DOS MUNICÍPIOS DO NORTE DO RS,263232,1,CONSÓRCIO DES MUNICIPIOS NORTE RS,1,ADMINISTRAÇÃO,CNS,3100000000000,PESSOAL E ENCARGOS,S,2,N,O,P,,,0.00,0.00,74674.16,0.00,74674.16,0.00
2021,6,12,324,TRINDADE DO SUL,88414,CONSÓRCIO DE DESENVOLVIMENTO DOS MUNICÍPIOS DO NORTE DO RS,263232,1,CONSÓRCIO DES MUNICIPIOS NORTE RS,1,ADMINISTRAÇÃO,CNS,3110000000000,REMUNERACAO A PESSOAL,S,3,N,O,P,,,0.00,0.00,61208.33,0.00,61208.33,0.00
2021,6,12,324,TRINDADE DO SUL,88414,CONSÓRCIO DE DESENVOLVIMENTO DOS MUNICÍPIOS DO NORTE DO RS,263232,1,CONSÓRCIO DES MUNICIPIOS NORTE RS,1,ADMINISTRAÇÃO,CNS,3112000000000,REMUN.PES.AT.CIVIL ABRANG. RGPS,S,4,N,O,P,,,0.00,0.00,61208.33,0.00,61208.33,0.00
2021,6,12,324,TRINDADE DO SUL,88414,CONSÓRCIO DE DESENVOLVIMENTO DOS MUNICÍPIOS DO NORTE DO RS,263232,1,CONSÓRCIO DES MUNICIPIOS NORTE RS,1,ADMINISTRAÇÃO,CNS,3112100000000,REMUN.PES.AT.CIVIL ABRANG.RGPS CONS,S,5,N,O,P,,,0.00,0.00,61208.33,0.00,61208.33,0.00
2021,6,12,324,TRINDADE DO SUL,88414,CONSÓRCIO DE DESENVOLVIMENTO DOS MUNICÍPIOS DO NORTE DO RS,263232,1,CONSÓRCIO DES MUNICIPIOS NORTE RS,1,ADMINISTRAÇÃO,CNS,3112101000000,VENCIMENTOS E VANTAGENS FIXAS - PES,S,6,N,O,P,,,0.00,0.00,61208.33,0.00,61208.33,0.00
2021,6,12,324,TRINDADE DO SUL,88414,CONSÓRCIO DE DESENVOLVIMENTO DOS MUNICÍPIOS DO NORTE DO RS,263232,1,CONSÓRCIO DES MUNICIPIOS NORTE RS,1,ADMINISTRAÇÃO,CNS,3112101010001,Vencimentos e salários,A,9,N,O,P,,,0.00,0.00,56500.00,0.00,56500.00,0.00
2021,6,12,324,TRINDADE DO SUL,88414,CONSÓRCIO DE DESENVOLVIMENTO DOS MUNICÍPIOS DO NORTE DO RS,263232,1,CONSÓRCIO DES MUNICIPIOS NORTE RS,1,ADMINISTRAÇÃO,CNS,3112101220001,13º Salário,A,9,N,O,P,,,0.00,0.00,4708.33,0.00,4708.33,0.00
2021,6,12,324,TRINDADE DO SUL,88414,CONSÓRCIO DE DESENVOLVIMENTO DOS MUNICÍPIOS DO NORTE DO RS,263232,1,CONSÓRCIO DES MUNICIPIOS NORTE RS,1,ADMINISTRAÇÃO,CNS,3120000000000,ENCARGOS PATRONAIS,S,3,N,O,P,,,0.00,0.00,13465.83,0.00,13465.83,0.00
2021,6,12,324,TRINDADE DO SUL,88414,CONSÓRCIO DE DESENVOLVIMENTO DOS MUNICÍPIOS DO NORTE DO RS,263232,1,CONSÓRCIO DES MUNICIPIOS NORTE RS,1,ADMINISTRAÇÃO,CNS,3122000000000,ENCARGOS PATRONAIS - RGPS,S,4,N,O,P,,,0.00,0.00,13465.83,0.00,13465.83,0.00
2021,6,12,324,TRINDADE DO SUL,88414,CONSÓRCIO DE DESENVOLVIMENTO DOS MUNICÍPIOS DO NORTE DO RS,263232,1,CONSÓRCIO DES MUNICIPIOS NORTE RS,1,ADMINISTRAÇÃO,CNS,3122100000000,ENCARGOS PATRONAIS RGPS CONSOLID.,S,5,N,O,P,,,0.00,0.00,13465.83,0.00,13465.83,0.00
2021,6,12,324,TRINDADE DO SUL,88414,CONSÓRCIO DE DESENVOLVIMENTO DOS MUNICÍPIOS DO NORTE DO RS,263232,1,CONSÓRCIO DES MUNICIPIOS NORTE RS,1,ADMINISTRAÇÃO,CNS,3122101000001,Contribuições previdenciárias - INSS,A,9,N,O,P,,,0.00,0.00,13465.83,0.00,13465.83,0.00
2021,6,12,324,TRINDADE DO SUL,88414,CONSÓRCIO DE DESENVOLVIMENTO DOS MUNICÍPIOS DO NORTE DO RS,263232,1,CONSÓRCIO DES MUNICIPIOS NORTE RS,1,ADMINISTRAÇÃO,CNS,3300000000000,"USO DE BENS, SERVICOS E CONSUMO DE",S,2,N,O,P,,,0.00,0.00,31915.42,12.09,31903.33,0.00
2021,6,12,324,TRINDADE DO SUL,88414,CONSÓRCIO DE DESENVOLVIMENTO DOS MUNICÍPIOS DO NORTE DO RS,263232,1,CONSÓRCIO DES MUNICIPIOS NORTE RS,1,ADMINISTRAÇÃO,CNS,3310000000000,USO DE MATERIAL DE CONSUMO,S,3,N,O,P,,,0.00,0.00,95.00,0.00,95.00,0.00
2021,6,12,324,TRINDADE DO SUL,88414,CONSÓRCIO DE DESENVOLVIMENTO DOS MUNICÍPIOS DO NORTE DO RS,263232,1,CONSÓRCIO DES MUNICIPIOS NORTE RS,1,ADMINISTRAÇÃO,CNS,3311000000000,CONSUMO DE MATERIAL,S,4,N,O,P,,,0.00,0.00,95.00,0.00,95.00,0.00
2021,6,12,324,TRINDADE DO SUL,88414,CONSÓRCIO DE DESENVOLVIMENTO DOS MUNICÍPIOS DO NORTE DO RS,263232,1,CONSÓRCIO DES MUNICIPIOS NORTE RS,1,ADMINISTRAÇÃO,CNS,3311100000000,CONSUMO DE MATERIAL - CONSOLIDACAO,S,5,N,O,P,,,0.00,0.00,95.00,0.00,95.00,0.00
2021,6,12,324,TRINDADE DO SUL,88414,CONSÓRCIO DE DESENVOLVIMENTO DOS MUNICÍPIOS DO NORTE DO RS,263232,1,CONSÓRCIO DES MUNICIPIOS NORTE RS,1,ADMINISTRAÇÃO,CNS,3311116000001,Material de expediente,A,9,N,O,P,,,0.00,0.00,95.00,0.00,95.00,0.00
2021,6,12,324,TRINDADE DO SUL,88414,CONSÓRCIO DE DESENVOLVIMENTO DOS MUNICÍPIOS DO NORTE DO RS,263232,1,CONSÓRCIO DES MUNICIPIOS NORTE RS,1,ADMINISTRAÇÃO,CNS,3320000000000,SERVICOS,S,3,N,O,P,,,0.00,0.00,31820.42,12.09,31808.33,0.00
2021,6,12,324,TRINDADE DO SUL,88414,CONSÓRCIO DE DESENVOLVIMENTO DOS MUNICÍPIOS DO NORTE DO RS,263232,1,CONSÓRCIO DES MUNICIPIOS NORTE RS,1,ADMINISTRAÇÃO,CNS,3323000000000,SERVICOS TERCEIROS - PJ,S,4,N,O,P,,,0.00,0.00,11320.42,12.09,11308.33,0.00
2021,6,12,324,TRINDADE DO SUL,88414,CONSÓRCIO DE DESENVOLVIMENTO DOS MUNICÍPIOS DO NORTE DO RS,263232,1,CONSÓRCIO DES MUNICIPIOS NORTE RS,1,ADMINISTRAÇÃO,CNS,3323100000000,SERVICOS TERCEIROS PJ CONSOLIDACAO,S,5,N,O,P,,,0.00,0.00,11320.42,12.09,11308.33,0.00
2021,6,12,324,TRINDADE DO SUL,88414,CONSÓRCIO DE DESENVOLVIMENTO DOS MUNICÍPIOS DO NORTE DO RS,263232,1,CONSÓRCIO DES MUNICIPIOS NORTE RS,1,ADMINISTRAÇÃO,CNS,3323111000001,Serviços relacionados a tecnologia da informação,A,9,N,O,P,,,0.00,0.00,7000.00,0.00,7000.00,0.00
2021,6,12,324,TRINDADE DO SUL,88414,CONSÓRCIO DE DESENVOLVIMENTO DOS MUNICÍPIOS DO NORTE DO RS,263232,1,CONSÓRCIO DES MUNICIPIOS NORTE RS,1,ADMINISTRAÇÃO,CNS,3323132000001,Serviços bancários,A,9,N,O,P,,,0.00,0.00,52.25,0.00,52.25,0.00
2021,6,12,324,TRINDADE DO SUL,88414,CONSÓRCIO DE DESENVOLVIMENTO DOS MUNICÍPIOS DO NORTE DO RS,263232,1,CONSÓRCIO DES MUNICIPIOS NORTE RS,1,ADMINISTRAÇÃO,CNS,3323147000001,SERVICOS JUDICIARIOS,A,9,N,O,P,,,0.00,0.00,1330.90,0.00,1330.90,0.00
2021,6,12,324,TRINDADE DO SUL,88414,CONSÓRCIO DE DESENVOLVIMENTO DOS MUNICÍPIOS DO NORTE DO RS,263232,1,CONSÓRCIO DES MUNICIPIOS NORTE RS,1,ADMINISTRAÇÃO,CNS,3323199000001,Outros serviços terceiros - PJ,A,9,N,O,P,,,0.00,0.00,2937.27,12.09,2925.18,0.00
2021,6,12,324,TRINDADE DO SUL,88414,CONSÓRCIO DE DESENVOLVIMENTO DOS MUNICÍPIOS DO NORTE DO RS,263232,1,CONSÓRCIO DES MUNICIPIOS NORTE RS,1,ADMINISTRAÇÃO,CNS,3324000000000,CONTRATO DE TERC. POR SUBST. DE MÃO DE OBRA,S,4,N,O,P,,,0.00,0.00,20500.00,0.00,20500.00,0.00
2021,6,12,324,TRINDADE DO SUL,88414,CONSÓRCIO DE DESENVOLVIMENTO DOS MUNICÍPIOS DO NORTE DO RS,263232,1,CONSÓRCIO DES MUNICIPIOS NORTE RS,1,ADMINISTRAÇÃO,CNS,3324100000002,Contrato de tercerização por subst. de mão de obra,A,9,N,O,P,,,0.00,0.00,20500.00,0.00,20500.00,0.00
2021,6,12,324,TRINDADE DO SUL,88414,CONSÓRCIO DE DESENVOLVIMENTO DOS MUNICÍPIOS DO NORTE DO RS,263232,1,CONSÓRCIO DES MUNICIPIOS NORTE RS,1,ADMINISTRAÇÃO,CNS,3900000000000,OUTRAS VAR.PATRIMONIAIS DIMINUTIVAS,S,2,N,O,P,,,0.00,0.00,4425.73,0.00,4425.73,0.00
2021,6,12,324,TRINDADE DO SUL,88414,CONSÓRCIO DE DESENVOLVIMENTO DOS MUNICÍPIOS DO NORTE DO RS,263232,1,CONSÓRCIO DES MUNICIPIOS NORTE RS,1,ADMINISTRAÇÃO,CNS,3990000000000,DIVER.VAR.PATRIMONIAIS DIMINUTIVAS,S,3,N,O,P,,,0.00,0.00,4425.73,0.00,4425.73,0.00
2021,6,12,324,TRINDADE DO SUL,88414,CONSÓRCIO DE DESENVOLVIMENTO DOS MUNICÍPIOS DO NORTE DO RS,263232,1,CONSÓRCIO DES MUNICIPIOS NORTE RS,1,ADMINISTRAÇÃO,CNS,3999000000000,VAR.PATRIM.DIMIN.DECOR.FAT.GER.DIV.,S,4,N,O,P,,,0.00,0.00,4425.73,0.00,4425.73,0.00
2021,6,12,324,TRINDADE DO SUL,88414,CONSÓRCIO DE DESENVOLVIMENTO DOS MUNICÍPIOS DO NORTE DO RS,263232,1,CONSÓRCIO DES MUNICIPIOS NORTE RS,1,ADMINISTRAÇÃO,CNS,3999100000000,VAR.PATR.DIM.DECOR.FAT.GER.DIV.CONS,S,5,N,O,P,,,0.00,0.00,4425.73,0.00,4425.73,0.00
2021,6,12,324,TRINDADE DO SUL,88414,CONSÓRCIO DE DESENVOLVIMENTO DOS MUNICÍPIOS DO NORTE DO RS,263232,1,CONSÓRCIO DES MUNICIPIOS NORTE RS,1,ADMINISTRAÇÃO,CNS,3999199010001,Outras despesas,A,9,N,O,P,,,0.00,0.00,4425.73,0.00,4425.73,0.00
2021,6,12,324,TRINDADE DO SUL,88414,CONSÓRCIO DE DESENVOLVIMENTO DOS MUNICÍPIOS DO NORTE DO RS,263232,1,CONSÓRCIO DES MUNICIPIOS NORTE RS,1,ADMINISTRAÇÃO,CNS,4000000000000,VARIACAO PATRIMONIAL AUMENTATIVA,S,1,N,O,P,,,0.00,0.00,0.00,145402.20,0.00,145402.20
2021,6,12,324,TRINDADE DO SUL,88414,CONSÓRCIO DE DESENVOLVIMENTO DOS MUNICÍPIOS DO NORTE DO RS,263232,1,CONSÓRCIO DES MUNICIPIOS NORTE RS,1,ADMINISTRAÇÃO,CNS,4500000000000,TRANSFERENCIAS DELEGACOES RECEBIDAS,S,2,N,O,P,,,0.00,0.00,0.00,145402.20,0.00,145402.20
2021,6,12,324,TRINDADE DO SUL,88414,CONSÓRCIO DE DESENVOLVIMENTO DOS MUNICÍPIOS DO NORTE DO RS,263232,1,CONSÓRCIO DES MUNICIPIOS NORTE RS,1,ADMINISTRAÇÃO,CNS,4570000000000,EXECUCAO ORCAMENTARIA DELEGADA,S,3,N,O,P,,,0.00,0.00,0.00,145402.20,0.00,145402.20
2021,6,12,324,TRINDADE DO SUL,88414,CONSÓRCIO DE DESENVOLVIMENTO DOS MUNICÍPIOS DO NORTE DO RS,263232,1,CONSÓRCIO DES MUNICIPIOS NORTE RS,1,ADMINISTRAÇÃO,CNS,4572000000000,EXEC.ORCAM.DELEGADA DE CONSORCIOS,S,4,N,O,P,,,0.00,0.00,0.00,145402.20,0.00,145402.20
2021,6,12,324,TRINDADE DO SUL,88414,CONSÓRCIO DE DESENVOLVIMENTO DOS MUNICÍPIOS DO NORTE DO RS,263232,1,CONSÓRCIO DES MUNICIPIOS NORTE RS,1,ADMINISTRAÇÃO,CNS,4572100000000,EXEC.ORCAM.DELEGADA CONSORC.CONSOL.,S,5,N,O,P,,,0.00,0.00,0.00,145402.20,0.00,145402.20
2021,6,12,324,TRINDADE DO SUL,88414,CONSÓRCIO DE DESENVOLVIMENTO DOS MUNICÍPIOS DO NORTE DO RS,263232,1,CONSÓRCIO DES MUNICIPIOS NORTE RS,1,ADMINISTRAÇÃO,CNS,4572100000100,Execução Orç. delegada consórcios - consolidada,A,8,N,O,P,,,0.00,0.00,0.00,145402.20,0.00,145402.20
2021,6,12,324,TRINDADE DO SUL,88414,CONSÓRCIO DE DESENVOLVIMENTO DOS MUNICÍPIOS DO NORTE DO RS,263232,1,CONSÓRCIO DES MUNICIPIOS NORTE RS,1,ADMINISTRAÇÃO,CNS,5000000000000,CONTROLES DA APROVACAO DO PLANEJAME,S,1,N,O,P,,,0.00,0.00,122578.31,4012.09,118566.22,0.00
2021,6,12,324,TRINDADE DO SUL,88414,CONSÓRCIO DE DESENVOLVIMENTO DOS MUNICÍPIOS DO NORTE DO RS,263232,1,CONSÓRCIO DES MUNICIPIOS NORTE RS,1,ADMINISTRAÇÃO,CNS,5200000000000,ORCAMENTO APROVADO,S,2,N,O,P,,,0.00,0.00,119992.31,4012.09,115980.22,0.00
2021,6,12,324,TRINDADE DO SUL,88414,CONSÓRCIO DE DESENVOLVIMENTO DOS MUNICÍPIOS DO NORTE DO RS,263232,1,CONSÓRCIO DES MUNICIPIOS NORTE RS,1,ADMINISTRAÇÃO,CNS,5220000000000,FIXACAO DA DESPESA,S,3,N,O,P,,,0.00,0.00,119992.31,4012.09,115980.22,0.00
2021,6,12,324,TRINDADE DO SUL,88414,CONSÓRCIO DE DESENVOLVIMENTO DOS MUNICÍPIOS DO NORTE DO RS,263232,1,CONSÓRCIO DES MUNICIPIOS NORTE RS,1,ADMINISTRAÇÃO,CNS,5221000000000,DOTACAO ORCAMENTARIA,S,4,N,O,P,,,0.00,0.00,4000.00,4000.00,0.00,0.00
2021,6,12,324,TRINDADE DO SUL,88414,CONSÓRCIO DE DESENVOLVIMENTO DOS MUNICÍPIOS DO NORTE DO RS,263232,1,CONSÓRCIO DES MUNICIPIOS NORTE RS,1,ADMINISTRAÇÃO,CNS,5221303000000,ANULACAO DE DOTACAO,A,6,N,O,P,,,0.00,0.00,4000.00,0.00,4000.00,0.00
2021,6,12,324,TRINDADE DO SUL,88414,CONSÓRCIO DE DESENVOLVIMENTO DOS MUNICÍPIOS DO NORTE DO RS,263232,1,CONSÓRCIO DES MUNICIPIOS NORTE RS,1,ADMINISTRAÇÃO,CNS,5221399000000,VALOR GLOBAL DA DOTACAO ADICIONAL POR FONTE,A,6,N,O,P,,,0.00,0.00,0.00,4000.00,0.00,4000.00
2021,6,12,324,TRINDADE DO SUL,88414,CONSÓRCIO DE DESENVOLVIMENTO DOS MUNICÍPIOS DO NORTE DO RS,263232,1,CONSÓRCIO DES MUNICIPIOS NORTE RS,1,ADMINISTRAÇÃO,CNS,5229000000000,OUTROS CONTROLES DESP. ORCAMENTARIA,S,4,N,O,P,,,0.00,0.00,115992.31,12.09,115980.22,0.00
2021,6,12,324,TRINDADE DO SUL,88414,CONSÓRCIO DE DESENVOLVIMENTO DOS MUNICÍPIOS DO NORTE DO RS,263232,1,CONSÓRCIO DES MUNICIPIOS NORTE RS,1,ADMINISTRAÇÃO,CNS,5229200000000,EMPENHOS POR EMISSAO,S,5,N,O,P,,,0.00,0.00,115992.31,12.09,115980.22,0.00
2021,6,12,324,TRINDADE DO SUL,88414,CONSÓRCIO DE DESENVOLVIMENTO DOS MUNICÍPIOS DO NORTE DO RS,263232,1,CONSÓRCIO DES MUNICIPIOS NORTE RS,1,ADMINISTRAÇÃO,CNS,5229201000000,EXECUCAO DA DESPESA POR NOTA DE EMP,S,6,N,O,P,,,0.00,0.00,115992.31,12.09,115980.22,0.00
2021,6,12,324,TRINDADE DO SUL,88414,CONSÓRCIO DE DESENVOLVIMENTO DOS MUNICÍPIOS DO NORTE DO RS,263232,1,CONSÓRCIO DES MUNICIPIOS NORTE RS,1,ADMINISTRAÇÃO,CNS,5229201010001,Emissão de empenhos,A,9,N,O,P,,,0.00,0.00,115992.31,0.00,115992.31,0.00
2021,6,12,324,TRINDADE DO SUL,88414,CONSÓRCIO DE DESENVOLVIMENTO DOS MUNICÍPIOS DO NORTE DO RS,263232,1,CONSÓRCIO DES MUNICIPIOS NORTE RS,1,ADMINISTRAÇÃO,CNS,5229201030001,(-)ANULACAO DE EMPENHOS,A,9,N,O,P,,,0.00,0.00,0.00,12.09,0.00,12.09
2021,6,12,324,TRINDADE DO SUL,88414,CONSÓRCIO DE DESENVOLVIMENTO DOS MUNICÍPIOS DO NORTE DO RS,263232,1,CONSÓRCIO DES MUNICIPIOS NORTE RS,1,ADMINISTRAÇÃO,CNS,5300000000000,INSCRICAO DE RESTOS A PAGAR,S,2,N,O,P,,,0.00,0.00,2586.00,0.00,2586.00,0.00
2021,6,12,324,TRINDADE DO SUL,88414,CONSÓRCIO DE DESENVOLVIMENTO DOS MUNICÍPIOS DO NORTE DO RS,263232,1,CONSÓRCIO DES MUNICIPIOS NORTE RS,1,ADMINISTRAÇÃO,CNS,5320000000000,INSCRICAO DE RP PROCESSADOS,S,3,N,O,P,,,0.00,0.00,2586.00,0.00,2586.00,0.00
2021,6,12,324,TRINDADE DO SUL,88414,CONSÓRCIO DE DESENVOLVIMENTO DOS MUNICÍPIOS DO NORTE DO RS,263232,1,CONSÓRCIO DES MUNICIPIOS NORTE RS,1,ADMINISTRAÇÃO,CNS,5327000000000,RP PROCESSADOS INSCRICAO EXERCICIO,A,4,N,O,P,,,0.00,0.00,2586.00,0.00,2586.00,0.00
2021,6,12,324,TRINDADE DO SUL,88414,CONSÓRCIO DE DESENVOLVIMENTO DOS MUNICÍPIOS DO NORTE DO RS,263232,1,CONSÓRCIO DES MUNICIPIOS NORTE RS,1,ADMINISTRAÇÃO,CNS,6000000000000,CONTROLES DA EXECUCAO DO PLANEJAMEN,S,1,N,O,P,,,0.00,0.00,638071.01,756637.23,0.00,118566.22
2021,6,12,324,TRINDADE DO SUL,88414,CONSÓRCIO DE DESENVOLVIMENTO DOS MUNICÍPIOS DO NORTE DO RS,263232,1,CONSÓRCIO DES MUNICIPIOS NORTE RS,1,ADMINISTRAÇÃO,CNS,6200000000000,EXECUCAO DO ORCAMENTO,S,2,N,O,P,,,0.00,0.00,638071.01,754051.23,0.00,115980.22
2021,6,12,324,TRINDADE DO SUL,88414,CONSÓRCIO DE DESENVOLVIMENTO DOS MUNICÍPIOS DO NORTE DO RS,263232,1,CONSÓRCIO DES MUNICIPIOS NORTE RS,1,ADMINISTRAÇÃO,CNS,6210000000000,EXECUCAO DA RECEITA,S,3,N,O,P,,,0.00,0.00,56671.28,56671.28,0.00,0.00
2021,6,12,324,TRINDADE DO SUL,88414,CONSÓRCIO DE DESENVOLVIMENTO DOS MUNICÍPIOS DO NORTE DO RS,263232,1,CONSÓRCIO DES MUNICIPIOS NORTE RS,1,ADMINISTRAÇÃO,CNS,6211000000000,Receita a realizar,A,4,N,O,P,,,0.00,0.00,56671.28,0.00,56671.28,0.00
2021,6,12,324,TRINDADE DO SUL,88414,CONSÓRCIO DE DESENVOLVIMENTO DOS MUNICÍPIOS DO NORTE DO RS,263232,1,CONSÓRCIO DES MUNICIPIOS NORTE RS,1,ADMINISTRAÇÃO,CNS,6212000000000,Receita realizada,A,4,N,O,P,,,0.00,0.00,0.00,56671.28,0.00,56671.28
2021,6,12,324,TRINDADE DO SUL,88414,CONSÓRCIO DE DESENVOLVIMENTO DOS MUNICÍPIOS DO NORTE DO RS,263232,1,CONSÓRCIO DES MUNICIPIOS NORTE RS,1,ADMINISTRAÇÃO,CNS,6220000000000,EXECUCAO DA DESPESA,S,3,N,O,P,,,0.00,0.00,581399.73,697379.95,0.00,115980.22
2021,6,12,324,TRINDADE DO SUL,88414,CONSÓRCIO DE DESENVOLVIMENTO DOS MUNICÍPIOS DO NORTE DO RS,263232,1,CONSÓRCIO DES MUNICIPIOS NORTE RS,1,ADMINISTRAÇÃO,CNS,6221000000000,DISPONIBILIDADES DE CREDITO,S,4,N,O,P,,,0.00,0.00,351989.02,351989.02,0.00,0.00
2021,6,12,324,TRINDADE DO SUL,88414,CONSÓRCIO DE DESENVOLVIMENTO DOS MUNICÍPIOS DO NORTE DO RS,263232,1,CONSÓRCIO DES MUNICIPIOS NORTE RS,1,ADMINISTRAÇÃO,CNS,6221101000000,CREDITO DISPONÍVEL,A,6,N,O,P,,,0.00,0.00,4000.00,4000.00,0.00,0.00
2021,6,12,324,TRINDADE DO SUL,88414,CONSÓRCIO DE DESENVOLVIMENTO DOS MUNICÍPIOS DO NORTE DO RS,263232,1,CONSÓRCIO DES MUNICIPIOS NORTE RS,1,ADMINISTRAÇÃO,CNS,6221101000001,Crédito disponível,A,9,N,O,P,,,0.00,0.00,115992.31,12.09,115980.22,0.00
2021,6,12,324,TRINDADE DO SUL,88414,CONSÓRCIO DE DESENVOLVIMENTO DOS MUNICÍPIOS DO NORTE DO RS,263232,1,CONSÓRCIO DES MUNICIPIOS NORTE RS,1,ADMINISTRAÇÃO,CNS,6221300000000,CREDITO UTILIZADO,S,5,N,O,P,,,0.00,0.00,231996.71,347976.93,0.00,115980.22
2021,6,12,324,TRINDADE DO SUL,88414,CONSÓRCIO DE DESENVOLVIMENTO DOS MUNICÍPIOS DO NORTE DO RS,263232,1,CONSÓRCIO DES MUNICIPIOS NORTE RS,1,ADMINISTRAÇÃO,CNS,6221301000001,Crédito empenhado a liquidar,A,9,N,O,P,,,0.00,0.00,116004.40,116004.40,0.00,0.00
2021,6,12,324,TRINDADE DO SUL,88414,CONSÓRCIO DE DESENVOLVIMENTO DOS MUNICÍPIOS DO NORTE DO RS,263232,1,CONSÓRCIO DES MUNICIPIOS NORTE RS,1,ADMINISTRAÇÃO,CNS,6221303000000,CREDITO EMPENHADO LIQUIDADO A PAGAR,A,6,N,O,P,,,0.00,0.00,2586.00,0.00,2586.00,0.00
2021,6,12,324,TRINDADE DO SUL,88414,CONSÓRCIO DE DESENVOLVIMENTO DOS MUNICÍPIOS DO NORTE DO RS,263232,1,CONSÓRCIO DES MUNICIPIOS NORTE RS,1,ADMINISTRAÇÃO,CNS,6221303000001,Crédito empenhado liquidado a pagar,A,9,N,O,P,,,0.00,0.00,113406.31,115992.31,0.00,2586.00
2021,6,12,324,TRINDADE DO SUL,88414,CONSÓRCIO DE DESENVOLVIMENTO DOS MUNICÍPIOS DO NORTE DO RS,263232,1,CONSÓRCIO DES MUNICIPIOS NORTE RS,1,ADMINISTRAÇÃO,CNS,6221304000001,Crédito empenhado liquidado pago,A,9,N,O,P,,,0.00,0.00,0.00,113394.22,0.00,113394.22
2021,6,12,324,TRINDADE DO SUL,88414,CONSÓRCIO DE DESENVOLVIMENTO DOS MUNICÍPIOS DO NORTE DO RS,263232,1,CONSÓRCIO DES MUNICIPIOS NORTE RS,1,ADMINISTRAÇÃO,CNS,6221307000000,EMPENHOS LIQUIDADOS INSCRITOS EM RESTOS A PAGAR PR,A,6,N,O,P,,,0.00,0.00,0.00,2586.00,0.00,2586.00
2021,6,12,324,TRINDADE DO SUL,88414,CONSÓRCIO DE DESENVOLVIMENTO DOS MUNICÍPIOS DO NORTE DO RS,263232,1,CONSÓRCIO DES MUNICIPIOS NORTE RS,1,ADMINISTRAÇÃO,CNS,6229000000000,OUTROS CONTR.DESPESA ORCAMENTARIA,S,4,N,O,P,,,0.00,0.00,229410.71,345390.93,0.00,115980.22
2021,6,12,324,TRINDADE DO SUL,88414,CONSÓRCIO DE DESENVOLVIMENTO DOS MUNICÍPIOS DO NORTE DO RS,263232,1,CONSÓRCIO DES MUNICIPIOS NORTE RS,1,ADMINISTRAÇÃO,CNS,6229200000000,EMISSAO DE EMPENHO,S,5,N,O,P,,,0.00,0.00,229410.71,345390.93,0.00,115980.22
2021,6,12,324,TRINDADE DO SUL,88414,CONSÓRCIO DE DESENVOLVIMENTO DOS MUNICÍPIOS DO NORTE DO RS,263232,1,CONSÓRCIO DES MUNICIPIOS NORTE RS,1,ADMINISTRAÇÃO,CNS,6229201000000,EMPENHOS POR NOTA DE EMPENHO,S,6,N,O,P,,,0.00,0.00,229410.71,345390.93,0.00,115980.22
2021,6,12,324,TRINDADE DO SUL,88414,CONSÓRCIO DE DESENVOLVIMENTO DOS MUNICÍPIOS DO NORTE DO RS,263232,1,CONSÓRCIO DES MUNICIPIOS NORTE RS,1,ADMINISTRAÇÃO,CNS,6229201010001,Empenho a liquidar,A,9,N,O,P,,,0.00,0.00,116004.40,116004.40,0.00,0.00
2021,6,12,324,TRINDADE DO SUL,88414,CONSÓRCIO DE DESENVOLVIMENTO DOS MUNICÍPIOS DO NORTE DO RS,263232,1,CONSÓRCIO DES MUNICIPIOS NORTE RS,1,ADMINISTRAÇÃO,CNS,6229201030001,Empenhos liquidados a pagar,A,9,N,O,P,,,0.00,0.00,113406.31,115992.31,0.00,2586.00
2021,6,12,324,TRINDADE DO SUL,88414,CONSÓRCIO DE DESENVOLVIMENTO DOS MUNICÍPIOS DO NORTE DO RS,263232,1,CONSÓRCIO DES MUNICIPIOS NORTE RS,1,ADMINISTRAÇÃO,CNS,6229201040001,Empenhos liquidados pagos,A,9,N,O,P,,,0.00,0.00,0.00,113394.22,0.00,113394.22
2021,6,12,324,TRINDADE DO SUL,88414,CONSÓRCIO DE DESENVOLVIMENTO DOS MUNICÍPIOS DO NORTE DO RS,263232,1,CONSÓRCIO DES MUNICIPIOS NORTE RS,1,ADMINISTRAÇÃO,CNS,6300000000000,EXECUCAO DE RESTOS A PAGAR,S,2,N,O,P,,,0.00,0.00,0.00,2586.00,0.00,2586.00
2021,6,12,324,TRINDADE DO SUL,88414,CONSÓRCIO DE DESENVOLVIMENTO DOS MUNICÍPIOS DO NORTE DO RS,263232,1,CONSÓRCIO DES MUNICIPIOS NORTE RS,1,ADMINISTRAÇÃO,CNS,6320000000000,EXECUCAO DE RP PROCESSADOS,S,3,N,O,P,,,0.00,0.00,0.00,2586.00,0.00,2586.00
2021,6,12,324,TRINDADE DO SUL,88414,CONSÓRCIO DE DESENVOLVIMENTO DOS MUNICÍPIOS DO NORTE DO RS,263232,1,CONSÓRCIO DES MUNICIPIOS NORTE RS,1,ADMINISTRAÇÃO,CNS,6327000000000,RP PROCESSADOS INSCR. EXERCICIO,A,4,N,O,P,,,0.00,0.00,0.00,2586.00,0.00,2586.00
2021,6,12,324,TRINDADE DO SUL,88414,CONSÓRCIO DE DESENVOLVIMENTO DOS MUNICÍPIOS DO NORTE DO RS,263232,1,CONSÓRCIO DES MUNICIPIOS NORTE RS,1,ADMINISTRAÇÃO,CNS,7000000000000,CONTROLES DEVEDORES,S,1,N,O,P,,,0.00,0.00,206507.39,113406.31,93101.08,0.00
2021,6,12,324,TRINDADE DO SUL,88414,CONSÓRCIO DE DESENVOLVIMENTO DOS MUNICÍPIOS DO NORTE DO RS,263232,1,CONSÓRCIO DES MUNICIPIOS NORTE RS,1,ADMINISTRAÇÃO,CNS,7123100000000,OBRIGAÇÕES CONTRATUAIS - CONSOLIDAÇÃO,S,5,N,O,P,,,0.00,0.00,27500.00,27500.00,0.00,0.00
2021,6,12,324,TRINDADE DO SUL,88414,CONSÓRCIO DE DESENVOLVIMENTO DOS MUNICÍPIOS DO NORTE DO RS,263232,1,CONSÓRCIO DES MUNICIPIOS NORTE RS,1,ADMINISTRAÇÃO,CNS,7123199000001,Outras obrigações contratuais,A,9,N,O,P,,,0.00,0.00,27500.00,27500.00,0.00,0.00
2021,6,12,324,TRINDADE DO SUL,88414,CONSÓRCIO DE DESENVOLVIMENTO DOS MUNICÍPIOS DO NORTE DO RS,263232,1,CONSÓRCIO DES MUNICIPIOS NORTE RS,1,ADMINISTRAÇÃO,CNS,7200000000000,ADMINISTRACAO FINANCEIRA,S,2,N,O,P,,,0.00,0.00,90515.08,0.00,90515.08,0.00
2021,6,12,324,TRINDADE DO SUL,88414,CONSÓRCIO DE DESENVOLVIMENTO DOS MUNICÍPIOS DO NORTE DO RS,263232,1,CONSÓRCIO DES MUNICIPIOS NORTE RS,1,ADMINISTRAÇÃO,CNS,7210000000000,DISPONIBILIDADES POR DESTINACAO,S,3,N,O,P,,,0.00,0.00,90515.08,0.00,90515.08,0.00
2021,6,12,324,TRINDADE DO SUL,88414,CONSÓRCIO DE DESENVOLVIMENTO DOS MUNICÍPIOS DO NORTE DO RS,263232,1,CONSÓRCIO DES MUNICIPIOS NORTE RS,1,ADMINISTRAÇÃO,CNS,7211000000000,CONTROLE DA DISPONIBILIDADE DE RECU,S,4,N,O,P,,,0.00,0.00,90515.08,0.00,90515.08,0.00
2021,6,12,324,TRINDADE DO SUL,88414,CONSÓRCIO DE DESENVOLVIMENTO DOS MUNICÍPIOS DO NORTE DO RS,263232,1,CONSÓRCIO DES MUNICIPIOS NORTE RS,1,ADMINISTRAÇÃO,CNS,7211100010001,RECURSOS ORDINÁRIOS : 1,A,9,N,O,P,,,0.00,0.00,79379.08,0.00,79379.08,0.00
2021,6,12,324,TRINDADE DO SUL,88414,CONSÓRCIO DE DESENVOLVIMENTO DOS MUNICÍPIOS DO NORTE DO RS,263232,1,CONSÓRCIO DES MUNICIPIOS NORTE RS,1,ADMINISTRAÇÃO,CNS,7211300000000,RECURSOS EXTRAORCAMENTARIOS,S,5,N,O,P,,,0.00,0.00,11136.00,0.00,11136.00,0.00
2021,6,12,324,TRINDADE DO SUL,88414,CONSÓRCIO DE DESENVOLVIMENTO DOS MUNICÍPIOS DO NORTE DO RS,263232,1,CONSÓRCIO DES MUNICIPIOS NORTE RS,1,ADMINISTRAÇÃO,CNS,7211300018001,RECURSOS ORDINÁRIOS : 8001,A,9,N,O,P,,,0.00,0.00,11136.00,0.00,11136.00,0.00
2021,6,12,324,TRINDADE DO SUL,88414,CONSÓRCIO DE DESENVOLVIMENTO DOS MUNICÍPIOS DO NORTE DO RS,263232,1,CONSÓRCIO DES MUNICIPIOS NORTE RS,1,ADMINISTRAÇÃO,CNS,7900000000000,OUTROS CONTROLES,S,2,N,O,P,,,0.00,0.00,88492.31,85906.31,2586.00,0.00
2021,6,12,324,TRINDADE DO SUL,88414,CONSÓRCIO DE DESENVOLVIMENTO DOS MUNICÍPIOS DO NORTE DO RS,263232,1,CONSÓRCIO DES MUNICIPIOS NORTE RS,1,ADMINISTRAÇÃO,CNS,7910000000000,"RESPONSABILIDADE POR VALORES, TÍTULOS E BENS",S,3,N,O,P,,,0.00,0.00,88492.31,85906.31,2586.00,0.00
2021,6,12,324,TRINDADE DO SUL,88414,CONSÓRCIO DE DESENVOLVIMENTO DOS MUNICÍPIOS DO NORTE DO RS,263232,1,CONSÓRCIO DES MUNICIPIOS NORTE RS,1,ADMINISTRAÇÃO,CNS,7911000000000,"RESPONSABILIDADE COM TERCEIROS POR VALORES, TÍTULO",S,4,N,O,P,,,0.00,0.00,88492.31,85906.31,2586.00,0.00
2021,6,12,324,TRINDADE DO SUL,88414,CONSÓRCIO DE DESENVOLVIMENTO DOS MUNICÍPIOS DO NORTE DO RS,263232,1,CONSÓRCIO DES MUNICIPIOS NORTE RS,1,ADMINISTRAÇÃO,CNS,7911300000001,Outras responsbilidades com terceiros,A,9,N,O,P,,,0.00,0.00,88492.31,85906.31,2586.00,0.00
2021,6,12,324,TRINDADE DO SUL,88414,CONSÓRCIO DE DESENVOLVIMENTO DOS MUNICÍPIOS DO NORTE DO RS,263232,1,CONSÓRCIO DES MUNICIPIOS NORTE RS,1,ADMINISTRAÇÃO,CNS,8000000000000,CONTROLES CREDORES,S,1,N,O,P,,,0.00,0.00,508728.49,601829.57,0.00,93101.08
2021,6,12,324,TRINDADE DO SUL,88414,CONSÓRCIO DE DESENVOLVIMENTO DOS MUNICÍPIOS DO NORTE DO RS,263232,1,CONSÓRCIO DES MUNICIPIOS NORTE RS,1,ADMINISTRAÇÃO,CNS,8100000000000,EXECUÇÃO DOS ATOS POTENCIAIS,S,2,N,O,P,,,0.00,0.00,55000.00,55000.00,0.00,0.00
2021,6,12,324,TRINDADE DO SUL,88414,CONSÓRCIO DE DESENVOLVIMENTO DOS MUNICÍPIOS DO NORTE DO RS,263232,1,CONSÓRCIO DES MUNICIPIOS NORTE RS,1,ADMINISTRAÇÃO,CNS,8120000000000,EXECUÇÃO DOS ATOS POTENCIAIS PASSIVOS,S,3,N,O,P,,,0.00,0.00,55000.00,55000.00,0.00,0.00
2021,6,12,324,TRINDADE DO SUL,88414,CONSÓRCIO DE DESENVOLVIMENTO DOS MUNICÍPIOS DO NORTE DO RS,263232,1,CONSÓRCIO DES MUNICIPIOS NORTE RS,1,ADMINISTRAÇÃO,CNS,8123000000000,EXECUÇÃO DE OBRIGAÇÕES CONTRATUAIS,S,4,N,O,P,,,0.00,0.00,55000.00,55000.00,0.00,0.00
2021,6,12,324,TRINDADE DO SUL,88414,CONSÓRCIO DE DESENVOLVIMENTO DOS MUNICÍPIOS DO NORTE DO RS,263232,1,CONSÓRCIO DES MUNICIPIOS NORTE RS,1,ADMINISTRAÇÃO,CNS,8123100000000,EXECUÇÃO DE OBRIGAÇÕES -CONSOLIDAÇÃO,S,5,N,O,P,,,0.00,0.00,55000.00,55000.00,0.00,0.00
2021,6,12,324,TRINDADE DO SUL,88414,CONSÓRCIO DE DESENVOLVIMENTO DOS MUNICÍPIOS DO NORTE DO RS,263232,1,CONSÓRCIO DES MUNICIPIOS NORTE RS,1,ADMINISTRAÇÃO,CNS,8123102000000,CONTRATOS DE SERVIÇOS,S,6,N,O,P,,,0.00,0.00,27500.00,27500.00,0.00,0.00
2021,6,12,324,TRINDADE DO SUL,88414,CONSÓRCIO DE DESENVOLVIMENTO DOS MUNICÍPIOS DO NORTE DO RS,263232,1,CONSÓRCIO DES MUNICIPIOS NORTE RS,1,ADMINISTRAÇÃO,CNS,8123102010001,A Executar,A,9,N,O,P,,,0.00,0.00,27500.00,0.00,27500.00,0.00
2021,6,12,324,TRINDADE DO SUL,88414,CONSÓRCIO DE DESENVOLVIMENTO DOS MUNICÍPIOS DO NORTE DO RS,263232,1,CONSÓRCIO DES MUNICIPIOS NORTE RS,1,ADMINISTRAÇÃO,CNS,8123102020001,Executados,A,9,N,O,P,,,0.00,0.00,0.00,27500.00,0.00,27500.00
2021,6,12,324,TRINDADE DO SUL,88414,CONSÓRCIO DE DESENVOLVIMENTO DOS MUNICÍPIOS DO NORTE DO RS,263232,1,CONSÓRCIO DES MUNICIPIOS NORTE RS,1,ADMINISTRAÇÃO,CNS,8123199000000,OUTRAS OBRIGAÇÕES CONTRATUAIS,S,6,N,O,P,,,0.00,0.00,27500.00,27500.00,0.00,0.00
2021,6,12,324,TRINDADE DO SUL,88414,CONSÓRCIO DE DESENVOLVIMENTO DOS MUNICÍPIOS DO NORTE DO RS,263232,1,CONSÓRCIO DES MUNICIPIOS NORTE RS,1,ADMINISTRAÇÃO,CNS,8123199010001,Outras obrigações contratuais - A executar,A,9,N,O,P,,,0.00,0.00,27500.00,27500.00,0.00,0.00
2021,6,12,324,TRINDADE DO SUL,88414,CONSÓRCIO DE DESENVOLVIMENTO DOS MUNICÍPIOS DO NORTE DO RS,263232,1,CONSÓRCIO DES MUNICIPIOS NORTE RS,1,ADMINISTRAÇÃO,CNS,8200000000000,EXECUCAO ADMINISTRACAO FINANCEIRA,S,2,N,O,P,,,0.00,0.00,367822.18,458337.26,0.00,90515.08
2021,6,12,324,TRINDADE DO SUL,88414,CONSÓRCIO DE DESENVOLVIMENTO DOS MUNICÍPIOS DO NORTE DO RS,263232,1,CONSÓRCIO DES MUNICIPIOS NORTE RS,1,ADMINISTRAÇÃO,CNS,8210000000000,EXECUCAO DAS DISPONIBILIDADES POR D,S,3,N,O,P,,,0.00,0.00,367822.18,458337.26,0.00,90515.08
2021,6,12,324,TRINDADE DO SUL,88414,CONSÓRCIO DE DESENVOLVIMENTO DOS MUNICÍPIOS DO NORTE DO RS,263232,1,CONSÓRCIO DES MUNICIPIOS NORTE RS,1,ADMINISTRAÇÃO,CNS,8211000000000,EXECUCAO DA DISPONIBILIDADE DE RECU,S,4,N,O,P,,,0.00,0.00,367822.18,458337.26,0.00,90515.08
2021,6,12,324,TRINDADE DO SUL,88414,CONSÓRCIO DE DESENVOLVIMENTO DOS MUNICÍPIOS DO NORTE DO RS,263232,1,CONSÓRCIO DES MUNICIPIOS NORTE RS,1,ADMINISTRAÇÃO,CNS,8211100000000,DISPONIB. DESTINACAO DE RECURSOS,S,5,N,O,P,1,RECURSO LIVRE,0.00,0.00,118578.31,79391.17,39187.14,0.00
2021,6,12,324,TRINDADE DO SUL,88414,CONSÓRCIO DE DESENVOLVIMENTO DOS MUNICÍPIOS DO NORTE DO RS,263232,1,CONSÓRCIO DES MUNICIPIOS NORTE RS,1,ADMINISTRAÇÃO,CNS,8211101000001,Recursos disponíveis para o exercícios,A,9,N,O,P,1,RECURSO LIVRE,0.00,0.00,71544.81,12.09,71532.72,0.00
2021,6,12,324,TRINDADE DO SUL,88414,CONSÓRCIO DE DESENVOLVIMENTO DOS MUNICÍPIOS DO NORTE DO RS,263232,1,CONSÓRCIO DES MUNICIPIOS NORTE RS,1,ADMINISTRAÇÃO,CNS,8211101010001,DISP. POR DESTINAÇÃO DE RECURSOS: 1,A,9,N,O,P,1,RECURSO LIVRE,0.00,0.00,2586.00,79379.08,0.00,76793.08
2021,6,12,324,TRINDADE DO SUL,88414,CONSÓRCIO DE DESENVOLVIMENTO DOS MUNICÍPIOS DO NORTE DO RS,263232,1,CONSÓRCIO DES MUNICIPIOS NORTE RS,1,ADMINISTRAÇÃO,CNS,8211101010002,DISP. POR DESTINAÇÃO DE RECURSOS: 1,A,9,N,O,P,1,RECURSO LIVRE,0.00,0.00,44447.50,0.00,44447.50,0.00
2021,6,12,324,TRINDADE DO SUL,88414,CONSÓRCIO DE DESENVOLVIMENTO DOS MUNICÍPIOS DO NORTE DO RS,263232,1,CONSÓRCIO DES MUNICIPIOS NORTE RS,1,ADMINISTRAÇÃO,CNS,8211200000000,DISPONIB. DESTINACAO REC.COMPR.EMP.,S,5,N,O,P,,,0.00,0.00,116004.40,116004.40,0.00,0.00
2021,6,12,324,TRINDADE DO SUL,88414,CONSÓRCIO DE DESENVOLVIMENTO DOS MUNICÍPIOS DO NORTE DO RS,263232,1,CONSÓRCIO DES MUNICIPIOS NORTE RS,1,ADMINISTRAÇÃO,CNS,8211201000001,Disponibilidasde por destinação de recurso,A,9,N,O,P,,,0.00,0.00,71123.70,71544.81,0.00,421.11
2021,6,12,324,TRINDADE DO SUL,88414,CONSÓRCIO DE DESENVOLVIMENTO DOS MUNICÍPIOS DO NORTE DO RS,263232,1,CONSÓRCIO DES MUNICIPIOS NORTE RS,1,ADMINISTRAÇÃO,CNS,8211201010002,DISP POR DESTINAÇÃO RECURSOS COMPROM. 1,A,9,N,O,P,,,0.00,0.00,44880.70,44459.59,421.11,0.00
2021,6,12,324,TRINDADE DO SUL,88414,CONSÓRCIO DE DESENVOLVIMENTO DOS MUNICÍPIOS DO NORTE DO RS,263232,1,CONSÓRCIO DES MUNICIPIOS NORTE RS,1,ADMINISTRAÇÃO,CNS,8211300000000,DISPON.DEST.REC.COMPR.LIQ.ENT.COMP.,S,5,N,O,P,,,0.00,0.00,121660.18,141293.60,0.00,19633.42
2021,6,12,324,TRINDADE DO SUL,88414,CONSÓRCIO DE DESENVOLVIMENTO DOS MUNICÍPIOS DO NORTE DO RS,263232,1,CONSÓRCIO DES MUNICIPIOS NORTE RS,1,ADMINISTRAÇÃO,CNS,8211301000000,COMPROMETIDA POR LIQUIDACAO,S,6,N,O,P,,,0.00,0.00,113406.31,118578.31,0.00,5172.00
2021,6,12,324,TRINDADE DO SUL,88414,CONSÓRCIO DE DESENVOLVIMENTO DOS MUNICÍPIOS DO NORTE DO RS,263232,1,CONSÓRCIO DES MUNICIPIOS NORTE RS,1,ADMINISTRAÇÃO,CNS,8211301000001,Comprometida por liquidação,A,9,N,O,P,,,0.00,0.00,97974.44,71111.61,26862.83,0.00
2021,6,12,324,TRINDADE DO SUL,88414,CONSÓRCIO DE DESENVOLVIMENTO DOS MUNICÍPIOS DO NORTE DO RS,263232,1,CONSÓRCIO DES MUNICIPIOS NORTE RS,1,ADMINISTRAÇÃO,CNS,8211301010002,DISP.POR DESTINAÇÃO DE REC COMPROM: 1,A,9,N,O,P,,,0.00,0.00,15431.87,47466.70,0.00,32034.83
2021,6,12,324,TRINDADE DO SUL,88414,CONSÓRCIO DE DESENVOLVIMENTO DOS MUNICÍPIOS DO NORTE DO RS,263232,1,CONSÓRCIO DES MUNICIPIOS NORTE RS,1,ADMINISTRAÇÃO,CNS,8211302000000,COMPROMETIDA CONSIGNACOES/RETENCOES,S,6,N,O,P,,,0.00,0.00,8253.87,22715.29,0.00,14461.42
2021,6,12,324,TRINDADE DO SUL,88414,CONSÓRCIO DE DESENVOLVIMENTO DOS MUNICÍPIOS DO NORTE DO RS,263232,1,CONSÓRCIO DES MUNICIPIOS NORTE RS,1,ADMINISTRAÇÃO,CNS,8211302018001,RECURSOS ORDINÁRIOS : 8001,A,9,N,O,P,,,0.00,0.00,8253.87,22715.29,0.00,14461.42
2021,6,12,324,TRINDADE DO SUL,88414,CONSÓRCIO DE DESENVOLVIMENTO DOS MUNICÍPIOS DO NORTE DO RS,263232,1,CONSÓRCIO DES MUNICIPIOS NORTE RS,1,ADMINISTRAÇÃO,CNS,8211400000000,DISPONIBILIDADE POR DESTINACAO DE R,S,5,N,O,P,,,0.00,0.00,11579.29,121648.09,0.00,110068.80
2021,6,12,324,TRINDADE DO SUL,88414,CONSÓRCIO DE DESENVOLVIMENTO DOS MUNICÍPIOS DO NORTE DO RS,263232,1,CONSÓRCIO DES MUNICIPIOS NORTE RS,1,ADMINISTRAÇÃO,CNS,8211401000001,Disponibilidade por destinação recursos utilizada,A,9,N,O,P,,,0.00,0.00,0.00,97974.44,0.00,97974.44
2021,6,12,324,TRINDADE DO SUL,88414,CONSÓRCIO DE DESENVOLVIMENTO DOS MUNICÍPIOS DO NORTE DO RS,263232,1,CONSÓRCIO DES MUNICIPIOS NORTE RS,1,ADMINISTRAÇÃO,CNS,8211401010002,DISP. POR DESTINAÇÃO RECURSOS UT: 1,A,9,N,O,P,,,0.00,0.00,0.00,15419.78,0.00,15419.78
2021,6,12,324,TRINDADE DO SUL,88414,CONSÓRCIO DE DESENVOLVIMENTO DOS MUNICÍPIOS DO NORTE DO RS,263232,1,CONSÓRCIO DES MUNICIPIOS NORTE RS,1,ADMINISTRAÇÃO,CNS,8211401018001,DISP. POR DESTINAÇÃO DE RECURSOS: 8001,A,9,N,O,P,,,0.00,0.00,11579.29,8253.87,3325.42,0.00
2021,6,12,324,TRINDADE DO SUL,88414,CONSÓRCIO DE DESENVOLVIMENTO DOS MUNICÍPIOS DO NORTE DO RS,263232,1,CONSÓRCIO DES MUNICIPIOS NORTE RS,1,ADMINISTRAÇÃO,CNS,8900000000000,OUTROS CONTROLES,S,2,N,O,P,,,0.00,0.00,85906.31,88492.31,0.00,2586.00
2021,6,12,324,TRINDADE DO SUL,88414,CONSÓRCIO DE DESENVOLVIMENTO DOS MUNICÍPIOS DO NORTE DO RS,263232,1,CONSÓRCIO DES MUNICIPIOS NORTE RS,1,ADMINISTRAÇÃO,CNS,8910000000000,"EXECUÇÃO DE RESPONSABILIDADE POR VALORES, TÍTULOS",S,3,N,O,P,,,0.00,0.00,85906.31,88492.31,0.00,2586.00
2021,6,12,324,TRINDADE DO SUL,88414,CONSÓRCIO DE DESENVOLVIMENTO DOS MUNICÍPIOS DO NORTE DO RS,263232,1,CONSÓRCIO DES MUNICIPIOS NORTE RS,1,ADMINISTRAÇÃO,CNS,8911000000000,EXECUÇÃO DE RESPONSABILIDADE COM TERCEIROS POR VAL,S,4,N,O,P,,,0.00,0.00,85906.31,88492.31,0.00,2586.00
2021,6,12,324,TRINDADE DO SUL,88414,CONSÓRCIO DE DESENVOLVIMENTO DOS MUNICÍPIOS DO NORTE DO RS,263232,1,CONSÓRCIO DES MUNICIPIOS NORTE RS,1,ADMINISTRAÇÃO,CNS,8911300000001,Outras responsabilidades com terceiros,A,9,N,O,P,,,0.00,0.00,85906.31,88492.31,0.00,2586.00
